Item,Status,Minimum_requirement,Preferred_requirement,Why
Closed-loop phase actuator,DESIGN DECISION AFTER v8 VALIDATION,"support phase-ramp feedback for +/-20 deg/s; actuator/reset dynamics must pass v8 feasibility","low-Vpi long-range fiber shifter if measured reset response passes; otherwise LiNbO3 EO phase modulator","phase-reset dynamics, not phase amplitude alone, sets full-scale closed-loop feasibility"
Actuator driver,MATCH TO ACTUATOR,"voltage AND transient current/slew matched to phase range, reset rate and capacitance","for 0.18 uF class fiber PZT allow several hundred mA reset transient in worst modeled case","piezo capacitance turns fast reset into a current/slew requirement"
DAC,ADD TO DIGITAL BOM,">=1 MS/s update recommended; >=14 bit waveform DAC; 16 bit preferred","16 bit, >=1 MS/s, bipolar/level-shifted output into phase driver","20 deg/s produces ~24.45 kHz optical 2pi phase rate"
Digital phase accumulator / NCO,FPGA/MCU REQUIREMENT,">=28 bit accumulator minimum; 32 bit preferred for rate-word resolution","32 bit or wider DDS/NCO phase accumulator","rate resolution should be much finer than 0.0001 deg/s target"
Controller update,DSP REQUIREMENT,">=10 kHz internal update; nominal PI bandwidth around 50 Hz","50 Hz nominal closed-loop bandwidth, tunable 10-100 Hz","controller is baseband and does not need MHz bandwidth"
Feedback range,SYSTEM REQUIREMENT,"+/-20 deg/s plus margin; controller saturation >=+/-25 deg/s","+/-25 deg/s command range","avoid controller saturation at specified measurement range"
Reset waveform,LAB VALIDATION REQUIRED,"integer 2pi phase reset; reset glitch measured at full-scale rate","<=10% reset duty assumption verified experimentally","nonideal reset produces optical phase glitches and bias"
Clocking,SYSTEM REQUIREMENT,"ADC/DAC/modulation/controller derived from common low-jitter reference","single master oscillator for ADC, DAC and 20 kHz modulation","avoid coherent timing bias between digital channels"
Open-loop PZT fallback,KEEP FOR FIRST POC,"20 kHz dither/open-loop phase shifter remains useful even if final closed-loop uses faster actuator","retain open-loop mode for bring-up and fault diagnosis","closed-loop should not block first optical prototype"
