Former_material,Temperature_C,Coil_diameter_mm,Fiber_length_m,Group_index,Beta_rad,Relative_scale_factor,Scale_error_ppm,Error_at_1deg_s_deg_s,Error_at_20deg_s_deg_s
Al6061-T6,-10,159.262840534942,999.98075,1.467906,1.83960895977374,0.999154385942012,-845.614057987776,-0.0008456140579877,-0.0169122811597555
Al6061-T6,-5,159.281649085988,999.9835,1.467948,1.8396648223361,0.999275192559943,-724.807440057207,-0.0007248074400572,-0.0144961488011441
Al6061-T6,0,159.300457637035,999.98625,1.46799,1.83972068500751,0.999395997642656,-604.002357343703,-0.0006040023573437,-0.0120800471468741
Al6061-T6,5,159.319266188081,999.989,1.468032,1.83977654778796,0.999516801189353,-483.198810646623,-0.0004831988106466,-0.0096639762129324
Al6061-T6,10,159.338074739127,999.99175,1.468074,1.83983241067744,0.999637603199236,-362.396800764109,-0.0003623968007641,-0.0072479360152821
Al6061-T6,15,159.356883290173,999.9945,1.468116,1.83988827367595,0.999758403671503,-241.596328496629,-0.0002415963284966,-0.0048319265699325
Al6061-T6,20,159.37569184122,999.99725,1.468158,1.83994413678347,0.999879202605358,-120.797394642103,-0.0001207973946421,-0.002415947892842
Al6061-T6,25,159.394500392266,1000,1.4682,1.84,1,2.22044604925031e-10,2.2204460492503099e-16,4.44089209850063e-15
Al6061-T6,30,159.413308943312,1000.00275,1.468242,1.84005586332553,1.00012079585463,120.79585463165,0.0001207958546316,0.002415917092633
Al6061-T6,35,159.432117494359,1000.0055,1.468284,1.84011172676005,1.00024159016845,241.5901684516,0.0002415901684516,0.004831803369032
Al6061-T6,40,159.450926045405,1000.00825,1.468326,1.84016759030356,1.00036238294066,362.382940662709,0.0003623829406627,0.0072476588132541
Al6061-T6,45,159.469734596451,1000.011,1.468368,1.84022345395605,1.00048317417047,483.174170465173,0.0004831741704651,0.0096634834093034
Al6061-T6,50,159.488543147497,1000.01375,1.46841,1.84027931771751,1.00060396385706,603.963857059631,0.0006039638570596,0.0120792771411926
Al6061-T6,55,159.507351698544,1000.0165,1.468452,1.84033518158792,1.00072475199965,724.751999647388,0.0007247519996473,0.0144950399929478
Al6061-T6,60,159.52616024959,1000.01925,1.468494,1.84039104556729,1.00084553859743,845.538597429307,0.0008455385974293,0.0169107719485861
Invar36,-10,159.387247942498,999.98075,1.467906,1.83960895977374,0.999934870620585,-65.1293794152741,-6.51293794152741e-05,-0.0013025875883054
Invar36,-5,159.388284006751,999.9835,1.467948,1.8396648223361,0.999944181307799,-55.8186922010595,-5.58186922010595e-05,-0.0011163738440211
Invar36,0,159.389320071003,999.98625,1.46799,1.83972068500751,0.999953489831733,-46.5101682665114,-4.65101682665114e-05,-0.0009302033653302
Invar36,5,159.390356135256,999.989,1.468032,1.83977654778796,0.999962796192325,-37.2038076748016,-3.72038076748016e-05,-0.000744076153496
Invar36,10,159.391392199508,999.99175,1.468074,1.83983241067744,0.999972100389511,-27.8996104887685,-2.78996104887685e-05,-0.0005579922097753
Invar36,15,159.392428263761,999.9945,1.468116,1.83988827367595,0.999981402423228,-18.5975767723612,-1.85975767723612e-05,-0.0003719515354472
Invar36,20,159.393464328013,999.99725,1.468158,1.83994413678347,0.999990702293411,-9.29770658852913,-9.29770658852913e-06,-0.0001859541317705
Invar36,25,159.394500392266,1000,1.4682,1.84,1,2.22044604925031e-10,2.2204460492503099e-16,4.44089209850063e-15
Invar36,30,159.395536456519,1000.00275,1.468242,1.84005586332553,1.00000929554293,9.29554293049861,9.29554293049861e-06,0.0001859108586099
Invar36,35,159.396572520771,1000.0055,1.468284,1.84011172676005,1.00001858892214,18.5889221384627,1.85889221384627e-05,0.0003717784427692
Invar36,40,159.397608585024,1000.00825,1.468326,1.84016759030356,1.00002788013756,27.8801375614979,2.78801375614979e-05,0.0005576027512299
Invar36,45,159.398644649276,1000.011,1.468368,1.84022345395605,1.00003716918914,37.1691891363213,3.71691891363213e-05,0.0007433837827264
Invar36,50,159.399680713529,1000.01375,1.46841,1.84027931771751,1.0000464560768,46.4560767996502,4.64560767996502e-05,0.000929121535993
Invar36,55,159.400716777781,1000.0165,1.468452,1.84033518158792,1.00005574080049,55.7408004886462,5.57408004886462e-05,0.0011148160097729
Invar36,60,159.401752842034,1000.01925,1.468494,1.84039104556729,1.00006502336014,65.0233601402483,6.50233601402483e-05,0.0013004672028049
G10-FR4,-10,159.344291124642,999.98075,1.467906,1.83960895977374,0.999665375910943,-334.624089056934,-0.0003346240890569,-0.0066924817811386
G10-FR4,-5,159.35146387716,999.9835,1.467948,1.8396648223361,0.999713185193068,-286.814806931601,-0.0002868148069316,-0.005736296138632
G10-FR4,0,159.358636629678,999.98625,1.46799,1.83972068500751,0.999760992528778,-239.00747122152,-0.0002390074712215,-0.0047801494244303
G10-FR4,5,159.365809382195,999.989,1.468032,1.83977654778796,0.999808797917756,-191.202082243547,-0.0001912020822435,-0.0038240416448709
G10-FR4,10,159.372982134713,999.99175,1.468074,1.83983241067744,0.999856601359685,-143.398640314762,-0.0001433986403147,-0.0028679728062952
G10-FR4,15,159.380154887231,999.9945,1.468116,1.83988827367595,0.999904402854246,-95.5971457535787,-9.55971457535787e-05,-0.0019119429150715
G10-FR4,20,159.387327639748,999.99725,1.468158,1.83994413678347,0.999952202401124,-47.797598876187,-4.7797598876187e-05,-0.0009559519775237
G10-FR4,25,159.394500392266,1000,1.4682,1.84,1,2.22044604925031e-10,2.2204460492503099e-16,4.44089209850063e-15
G10-FR4,30,159.401673144784,1000.00275,1.468242,1.84005586332553,1.00004779565056,47.7956505582355,4.77956505582355e-05,0.0009559130111647
G10-FR4,35,159.408845897301,1000.0055,1.468284,1.84011172676005,1.00009558935248,95.5893524798856,9.55893524798856e-05,0.0019117870495977
G10-FR4,40,159.416018649819,1000.00825,1.468326,1.84016759030356,1.00014338110545,143.381105448537,0.0001433811054485,0.0028676221089707
G10-FR4,45,159.423191402337,1000.011,1.468368,1.84022345395605,1.00019117090915,191.170909146665,0.0001911709091466,0.0038234181829333
G10-FR4,50,159.430364154854,1000.01375,1.46841,1.84027931771751,1.00023895876326,238.958763256969,0.0002389587632569,0.0047791752651393
G10-FR4,55,159.437536907372,1000.0165,1.468452,1.84033518158792,1.00028674466746,286.744667462813,0.0002867446674628,0.0057348933492562
G10-FR4,60,159.44470965989,1000.01925,1.468494,1.84039104556729,1.00033452862145,334.52862144645,0.0003345286214464,0.006690572428929
POM-C,-10,158.780831565756,999.98075,1.467906,1.83960895977374,0.996130445303957,-3869.55469604322,-0.0038695546960432,-0.0773910939208644
POM-C,-5,158.868498540972,999.9835,1.467948,1.8396648223361,0.996683236155693,-3316.7638443069,-0.0033167638443069,-0.0663352768861381
POM-C,0,158.956165516187,999.98625,1.46799,1.83972068500751,0.997236027905603,-2763.97209439683,-0.0027639720943968,-0.0552794418879365
POM-C,5,159.043832491403,999.989,1.468032,1.83977654778796,0.997788820550036,-2211.17944996352,-0.0022111794499635,-0.0442235889992704
POM-C,10,159.131499466619,999.99175,1.468074,1.83983241067744,0.998341614085343,-1658.38591465672,-0.0016583859146567,-0.0331677182931345
POM-C,15,159.219166441835,999.9945,1.468116,1.83988827367595,0.998894408507873,-1105.59149212741,-0.0011055914921274,-0.0221118298425482
POM-C,20,159.30683341705,999.99725,1.468158,1.83994413678347,0.999447203813975,-552.796186025217,-0.0005527961860252,-0.0110559237205043
POM-C,25,159.394500392266,1000,1.4682,1.84,1,2.22044604925031e-10,2.2204460492503099e-16,4.44089209850063e-15
POM-C,30,159.482167367482,1000.00275,1.468242,1.84005586332553,1.0005527970623,552.797062298271,0.0005527970622982,0.0110559412459654
POM-C,35,159.569834342698,1000.0055,1.468284,1.84011172676005,1.00110559499722,1105.59499721807,0.001105594997218,0.0221118999443615
POM-C,40,159.657501317913,1000.00825,1.468326,1.84016759030356,1.00165839380111,1658.39380110921,0.0016583938011092,0.0331678760221843
POM-C,45,159.745168293129,1000.011,1.468368,1.84022345395605,1.00221119347032,2211.19347032217,0.0022111934703221,0.0442238694064434
POM-C,50,159.832835268345,1000.01375,1.46841,1.84027931771751,1.00276399400121,2763.99400120586,0.0027639940012058,0.0552798800241172
POM-C,55,159.92050224356,1000.0165,1.468452,1.84033518158792,1.00331679539011,3316.79539011009,0.00331679539011,0.0663359078022019
POM-C,60,160.008169218776,1000.01925,1.468494,1.84039104556729,1.00386959763338,3869.59763338401,0.003869597633384,0.0773919526676803
FusedSilica benchmark,-10,159.391432048133,999.98075,1.467906,1.83960895977374,0.99996112010529,-38.8798947099644,-3.88798947099644e-05,-0.0007775978941992
FusedSilica benchmark,-5,159.39187038301,999.9835,1.467948,1.8396648223361,0.999966680929364,-33.3190706364173,-3.33190706364173e-05,-0.0006663814127283
FusedSilica benchmark,0,159.392308717886,999.98625,1.46799,1.83972068500751,0.999972239569034,-27.7604309658619,-2.77604309658619e-05,-0.0005552086193172
FusedSilica benchmark,5,159.392747052762,999.989,1.468032,1.83977654778796,0.999977796024264,-22.203975736379,-2.2203975736379e-05,-0.0004440795147275
FusedSilica benchmark,10,159.393185387638,999.99175,1.468074,1.83983241067744,0.999983350295014,-16.6497049862713,-1.66497049862713e-05,-0.0003329940997254
FusedSilica benchmark,15,159.393623722514,999.9945,1.468116,1.83988827367595,0.999988902381245,-11.0976187548406,-1.10976187548406e-05,-0.0002219523750968
FusedSilica benchmark,20,159.39406205739,999.99725,1.468158,1.83994413678347,0.99999445228292,-5.54771708005664,-5.54771708005664e-06,-0.0001109543416011
FusedSilica benchmark,25,159.394500392266,1000,1.4682,1.84,1,2.22044604925031e-10,2.2204460492503099e-16,4.44089209850063e-15
FusedSilica benchmark,30,159.394938727142,1000.00275,1.468242,1.84005586332553,1.00000554553245,5.54553244724865,5.54553244724865e-06,0.0001109106489449
FusedSilica benchmark,35,159.395377062018,1000.0055,1.468284,1.84011172676005,1.00001108888022,11.0888802222764,1.10888802222764e-05,0.0002217776044455
FusedSilica benchmark,40,159.395815396894,1000.00825,1.468326,1.84016759030356,1.00001663004329,16.6300432866695,1.66300432866695e-05,0.0003326008657333
FusedSilica benchmark,45,159.39625373177,1000.011,1.468368,1.84022345395605,1.0000221690216,22.1690216026804,2.21690216026804e-05,0.0004433804320536
FusedSilica benchmark,50,159.396692066646,1000.01375,1.46841,1.84027931771751,1.00002770581513,27.7058151316734,2.77058151316734e-05,0.0005541163026334
FusedSilica benchmark,55,159.397130401522,1000.0165,1.468452,1.84033518158792,1.00003324042384,33.2404238354567,3.32404238354567e-05,0.0006648084767091
FusedSilica benchmark,60,159.397568736399,1000.01925,1.468494,1.84039104556729,1.00003877284768,38.7728476751725,3.87728476751725e-05,0.0007754569535034
