Depol_residual,Run,Theta_deg,Delta_rad,Omega_zero_deg_s,Omega_signal_deg_s,Paired_delta_Omega_deg_s,Mean_visibility
0.1,1,-4.10893988063703,-0.437950057915789,-9.98223461514531e-08,0.000105284850180528,0.00010538467252668,0.993512647160969
0.1,2,-26.9408963921622,-0.235891361545735,-3.85782366481373e-05,6.02134348595549e-05,9.87916715076922e-05,0.991908441381421
0.1,3,23.2908882774107,0.123985552200384,5.24865107052092e-05,0.000152095024533225,9.96085138280159e-05,0.993293667770437
0.1,4,-27.3857988466488,0.37618940947681,7.52179632956696e-05,0.000166789022066881,9.15710587712114e-05,0.989115313233352
0.1,5,16.7018205552814,-0.122189850010387,-3.20784080918449e-05,6.95790258747111e-05,0.000101657433966556,0.993471412205198
0.1,6,13.6825972709553,-0.102025070666272,-2.92984148250783e-05,6.53761031941623e-05,9.46745180192406e-05,0.993586427932884
0.1,7,-29.3595318525406,-0.215865366271033,-4.90888029254774e-05,4.59353533413712e-05,9.50241562668486e-05,0.992016284802843
0.1,8,27.6561773203387,-0.102347529959859,-2.84083718378025e-05,6.91460608207916e-05,9.75544326585941e-05,0.993344100468533
0.1,9,3.98770003070756,-0.484698079064969,5.65902186811234e-05,0.000151160345584955,9.45701269038319e-05,0.99348751106709
0.1,10,-8.19376350652481,0.226529465834898,2.60371967394127e-06,0.000103134013979406,0.000100530294305465,0.993495683306379
0.1,11,-12.7968985757532,-0.199111461880365,3.52480326589396e-05,0.000135109668926458,9.98616362675185e-05,0.993331962807697
0.1,12,-9.27888772140767,0.470830846688624,1.82140440825905e-05,0.00012097220959591,0.00010275816551332,0.992654340361687
0.1,13,12.7585753653029,0.269001442261699,2.05088419601906e-05,0.000121268815860313,0.000100759973900123,0.993041987179344
0.1,14,15.4041755611662,-0.225116757834336,-1.60153377467266e-05,8.03859051610662e-05,9.64012429077928e-05,0.993043841368375
0.1,15,-19.1099191423279,0.333401825864016,7.05228999917281e-05,0.000167215815015231,9.66929150235033e-05,0.99163730645341
0.1,16,-29.5976292008073,-0.171142181416043,-6.32060644366732e-05,3.84820105700678e-05,0.000101688075006741,0.992626478895085
0.1,17,-27.0748640718781,0.0558281111452338,-3.33771172804363e-06,9.61997141693842e-05,9.95374258974279e-05,0.993593695891712
0.1,18,-29.0327471533893,0.0261220974575634,-2.58384877410126e-05,7.64338488417556e-05,0.000102272336582768,0.993670966756783
0.1,19,26.2050608651727,0.173713953129588,2.69270545187608e-05,0.000126798894334723,9.98718398159621e-05,0.99275899120778
0.1,20,7.2703279931552,-0.373886247750256,-8.80929162316061e-06,9.34060769384241e-05,0.000102215368561585,0.993276718090332
0.1,21,-26.675807330441,-0.149985819290389,-3.44928235547032e-05,6.43718284431161e-05,9.88646519978193e-05,0.992978707083359
0.1,22,5.71766877798078,-0.27839270674328,1.0135280352445e-05,0.000109369317370472,9.92340370180274e-05,0.993547779928112
0.1,23,-20.1905636104503,0.43539031146606,6.91770182655201e-05,0.000169682181359832,0.000100505163094312,0.989913735603753
0.1,24,-4.65580958371986,-0.367720792124354,4.95411894123266e-06,0.000109836662287427,0.000104882543346194,0.993527136781275
0.1,25,-12.7230744901469,0.338260870211096,1.47525246363554e-05,0.000116686381371413,0.000101933856735058,0.992680118827284
0.1,26,-24.3116510512366,-0.216030835966127,-1.7334155689538e-05,8.08263511808104e-05,9.81605068703484e-05,0.992401521720233
0.1,27,29.7094106272753,-0.303196723778948,-0.000104308297884211,-7.13704761637067e-06,9.717125026784e-05,0.9903565372789
0.1,28,8.55041657156982,0.253518170570593,4.60517102275589e-05,0.000145721397520664,9.96696872931049e-05,0.99342475918323
0.1,29,21.1232465612208,-0.300722636918717,-6.35171996936791e-05,4.26517128942705e-05,0.00010616891258795,0.991704938892016
0.1,30,-8.31389337561612,0.208322419379021,-1.03205168351383e-05,9.11125673339344e-05,0.000101433084169073,0.993521208441931
0.075,1,-4.10893988063703,-0.437950057915789,1.12134855749892e-06,0.000102128053131294,0.000101006704573795,0.993558330779226
0.075,2,-26.9408963921622,-0.235891361545735,-3.2672555921458e-05,7.5714057106796e-05,0.000108386613028254,0.992355176444257
0.075,3,23.2908882774107,0.123985552200384,5.18012086276552e-05,0.000151969879392434,0.000100168670764779,0.9933940962363
0.075,4,-27.3857988466488,0.37618940947681,5.5776633908704e-05,0.00015739466982003,0.000101618035911326,0.99026033033309
0.075,5,16.7018205552814,-0.122189850010387,-2.33023269947419e-05,7.477446422577e-05,9.80767912205119e-05,0.99352740456243
0.075,6,13.6825972709553,-0.102025070666272,-3.69165974544514e-05,6.69650808832268e-05,0.000103881678337678,0.993613666358212
0.075,7,-29.3595318525406,-0.215865366271033,-3.3879633296778e-05,5.83593931090968e-05,9.22390264058748e-05,0.992436059010297
0.075,8,27.6561773203387,-0.102347529959859,-2.23047241751191e-05,8.00157518074548e-05,0.000102320475982574,0.993431920759886
0.075,9,3.98770003070756,-0.484698079064969,5.2301250313273e-05,0.000149001206525393,9.66999562121204e-05,0.993539478708607
0.075,10,-8.19376350652481,0.226529465834898,-5.13811771863035e-06,9.79601288098565e-05,0.000103098246528487,0.993545607888024
0.075,11,-12.7968985757532,-0.199111461880365,3.58215982785335e-05,0.00013192496281137,9.61033645328364e-05,0.993422817514012
0.075,12,-9.27888772140767,0.470830846688624,1.44416766689136e-05,0.000117020796310518,0.000102579119641604,0.992914600679684
0.075,13,12.7585753653029,0.269001442261699,1.92338440578409e-05,0.000113846283977482,9.46124399196408e-05,0.993205335792912
0.075,14,15.4041755611662,-0.225116757834336,-1.53761351424959e-05,8.25757907638628e-05,9.79519259063587e-05,0.993206726434446
0.075,15,-19.1099191423279,0.333401825864016,5.8840991689485e-05,0.000160576903780201,0.000101735912090716,0.992151825248548
0.075,16,-29.5976292008073,-0.171142181416043,-4.62684585661029e-05,5.16293282302323e-05,9.78977867963352e-05,0.992893704579391
0.075,17,-27.0748640718781,0.0558281111452338,-8.3796944964113e-06,9.15482797797605e-05,9.99279742761718e-05,0.993619117327256
0.075,18,-29.0327471533893,0.0261220974575634,-2.96201369632157e-05,7.44804561060142e-05,0.00010410059306923,0.993677070475877
0.075,19,26.2050608651727,0.173713953129588,2.21848848451781e-05,0.000119564832059273,9.73799472140946e-05,0.992993088814271
0.075,20,7.2703279931552,-0.373886247750256,-1.33577338253512e-06,0.000103588264080518,0.000104924037463053,0.99338138397615
0.075,21,-26.675807330441,-0.149985819290389,-2.98465601295695e-05,7.22978329025188e-05,0.000102144393032088,0.993157875720956
0.075,22,5.71766877798078,-0.27839270674328,1.32183361243569e-05,0.00011129675028369,9.80784141593332e-05,0.993584680354503
0.075,23,-20.1905636104503,0.43539031146606,5.39320334217772e-05,0.000159910470894368,0.00010597843747259,0.990859147110908
0.075,24,-4.65580958371986,-0.367720792124354,4.90174880159951e-06,0.00010524724712629,0.00010034549832469,0.993569197994156
0.075,25,-12.7230744901469,0.338260870211096,1.16310871659417e-05,0.000104102583301468,9.24714961355262e-05,0.992933934528999
0.075,26,-24.3116510512366,-0.216030835966127,-1.31062563660103e-05,8.76162109155897e-05,0.0001007224672816,0.992724986698359
0.075,27,29.7094106272753,-0.303196723778948,-8.89942314161275e-05,1.11744321000096e-05,0.000100168663516137,0.991191248367616
0.075,28,8.55041657156982,0.253518170570593,4.39242861908176e-05,0.000148382352603054,0.000104458066412236,0.993492414796014
0.075,29,21.1232465612208,-0.300722636918717,-5.21704764807439e-05,4.82896942060443e-05,0.000100460170686788,0.992202549577848
0.075,30,-8.31389337561612,0.208322419379021,-9.35433582800186e-06,8.58231943837882e-05,9.517753021179e-05,0.993564751739576
0.05,1,-4.10893988063703,-0.437950057915789,4.78164481072368e-06,0.00010769451543101,0.000102912870620287,0.993604014397104
0.05,2,-26.9408963921622,-0.235891361545735,-8.98770022249474e-06,8.59259715258663e-05,9.4913671748361e-05,0.992801911507394
0.05,3,23.2908882774107,0.123985552200384,4.87776666124767e-05,0.000148407185971951,9.96295193594743e-05,0.993494524701878
0.05,4,-27.3857988466488,0.37618940947681,3.37645436565382e-05,0.000134882211631743,0.000101117667975204,0.991405347433139
0.05,5,16.7018205552814,-0.122189850010387,-2.28258238910903e-05,7.57350555733792e-05,9.85608794644695e-05,0.993583396919377
0.05,6,13.6825972709553,-0.102025070666272,-3.57325667014933e-05,6.16100481747903e-05,9.73426148762836e-05,0.993640904783522
0.05,7,-29.3595318525406,-0.215865366271033,-2.78822846422644e-05,7.06481860054888e-05,9.85304706477532e-05,0.992855833218068
0.05,8,27.6561773203387,-0.102347529959859,-1.31836198605651e-05,8.60050211834888e-05,9.91886410440539e-05,0.993519741050625
0.05,9,3.98770003070756,-0.484698079064969,5.6002613300093e-05,0.000154290796200531,9.82881829004385e-05,0.993591446350053
0.05,10,-8.19376350652481,0.226529465834898,-3.97177202124888e-06,9.74704761480525e-05,0.000101442248169301,0.99359553247027
0.05,11,-12.7968985757532,-0.199111461880365,3.14213942311026e-05,0.000136898363874921,0.000105476969643818,0.993513672220927
0.05,12,-9.27888772140767,0.470830846688624,2.49120272717368e-05,0.000118577437450467,9.36654101787302e-05,0.993174860997755
0.05,13,12.7585753653029,0.269001442261699,1.07800741557672e-05,0.000107007089068385,9.62270149126182e-05,0.993368684406481
0.05,14,15.4041755611662,-0.225116757834336,-1.06607638894042e-05,9.01853778117683e-05,0.000100846141701173,0.993369611500835
0.05,15,-19.1099191423279,0.333401825864016,5.09239810342001e-05,0.000149135643590358,9.82116625561577e-05,0.992666344043633
0.05,16,-29.5976292008073,-0.171142181416043,-3.37333549031477e-05,6.34778642641388e-05,9.72112191672864e-05,0.993160930264033
0.05,17,-27.0748640718781,0.0558281111452338,-7.7490306784473e-06,9.29425507302495e-05,0.000100691581408697,0.993644538762515
0.05,18,-29.0327471533893,0.0261220974575634,-2.92090317159153e-05,6.76549185569318e-05,9.68639502728471e-05,0.9936831741949
0.05,19,26.2050608651727,0.173713953129588,1.04672902643707e-05,0.000111571368624448,0.000101104078360077,0.993227186420537
0.05,20,7.2703279931552,-0.373886247750256,8.05851324696044e-06,0.000104403548744075,9.63450354971146e-05,0.993486049861672
0.05,21,-26.675807330441,-0.149985819290389,-2.32174615678216e-05,7.77565991113033e-05,0.000100974060679125,0.993337044358328
0.05,22,5.71766877798078,-0.27839270674328,3.12995554965731e-06,0.000110002280776054,0.000106872325226397,0.993621580780968
0.05,23,-20.1905636104503,0.43539031146606,4.32075167543256e-05,0.000153260759013158,0.000110053242258832,0.991804558618383
0.05,24,-4.65580958371986,-0.367720792124354,1.05986710699678e-05,0.000110421312044681,9.98226409747133e-05,0.993611259207568
0.05,25,-12.7230744901469,0.338260870211096,7.04035786995176e-07,0.000101540530391035,0.000100836494604039,0.993187750230729
0.05,26,-24.3116510512366,-0.216030835966127,1.25048850768536e-06,0.000102189585332877,0.000100939096825192,0.993048451677047
0.05,27,29.7094106272753,-0.303196723778948,-7.09639704831796e-05,2.8672098136341e-05,9.96360686195206e-05,0.992025959456406
0.05,28,8.55041657156982,0.253518170570593,4.43077294027416e-05,0.000142900517228844,9.85927878261022e-05,0.993560070408421
0.05,29,21.1232465612208,-0.300722636918717,-2.94110056994815e-05,6.68572932966713e-05,9.62682989961528e-05,0.992700160262786
0.05,30,-8.31389337561612,0.208322419379021,-1.14447021255061e-05,8.81097427915597e-05,9.95544449170658e-05,0.993608295037577
0.025,1,-4.10893988063703,-0.437950057915789,5.84678078855706e-06,0.000103552127249415,9.77053464608576e-05,0.993649698015361
0.025,2,-26.9408963921622,-0.235891361545735,-5.02886462251845e-06,0.000101935064591542,0.00010696392921406,0.993248646570776
0.025,3,23.2908882774107,0.123985552200384,3.86225975199085e-05,0.000138039546520436,9.94169490005279e-05,0.993594953167754
0.025,4,-27.3857988466488,0.37618940947681,1.69152875013095e-05,0.000113780953618401,9.68656661170919e-05,0.992550364533564
0.025,5,16.7018205552814,-0.122189850010387,-1.90441812630949e-05,7.11273514502557e-05,9.01715327133506e-05,0.99363938927661
0.025,6,13.6825972709553,-0.102025070666272,-3.4939857524125e-05,6.3524460038089e-05,9.8464317562214e-05,0.993668143208232
0.025,7,-29.3595318525406,-0.215865366271033,-9.5806336031197e-06,8.95720697763782e-05,9.91527033794979e-05,0.993275607425541
0.025,8,27.6561773203387,-0.102347529959859,-9.22921334024516e-06,9.10897506691135e-05,0.000100318964009359,0.993607561342278
0.025,9,3.98770003070756,-0.484698079064969,5.25997059890127e-05,0.000154777700865496,0.000102177994876483,0.993643413992114
0.025,10,-8.19376350652481,0.226529465834898,-4.98841175621959e-06,9.31669171364518e-05,9.81553288926714e-05,0.993645457051916
0.025,11,-12.7968985757532,-0.199111461880365,4.5277633524562e-05,0.000142443256845853,9.71656233212911e-05,0.993604526927246
0.025,12,-9.27888772140767,0.470830846688624,1.29404919244308e-05,0.000111501513666651,9.85610217422199e-05,0.993435121315545
0.025,13,12.7585753653029,0.269001442261699,6.84628497267785e-06,0.000108361008971918,0.00010151472399924,0.993532033020049
0.025,14,15.4041755611662,-0.225116757834336,-4.98200768396677e-06,8.99975273078878e-05,9.49795349918546e-05,0.993532496566924
0.025,15,-19.1099191423279,0.333401825864016,4.21304108889064e-05,0.000147636812549631,0.000105506401660724,0.993180862838476
0.025,16,-29.5976292008073,-0.171142181416043,-2.95208286960723e-05,7.30637239784897e-05,0.000102584552674562,0.993428155948975
0.025,17,-27.0748640718781,0.0558281111452338,-1.14340599468655e-05,8.92831407483295e-05,0.000100717200695195,0.993669960198074
0.025,18,-29.0327471533893,0.0261220974575634,-3.05888754937079e-05,6.26531085977671e-05,9.3241984091475e-05,0.993689277914538
0.025,19,26.2050608651727,0.173713953129588,4.21641923964902e-06,9.94087788687233e-05,9.51923596290743e-05,0.993461284027351
0.025,20,7.2703279931552,-0.373886247750256,-3.07438658268246e-07,0.000102102164563511,0.000102409603221779,0.993590715747476
0.025,21,-26.675807330441,-0.149985819290389,-1.08734601263551e-05,9.03895533367118e-05,0.000101263013463067,0.993516212996245
0.025,22,5.71766877798078,-0.27839270674328,6.1993361826439e-06,0.000104818106855823,9.86187706731795e-05,0.993658481207152
0.025,23,-20.1905636104503,0.43539031146606,3.0205775826839e-05,0.000130593336759433,0.000100387560932594,0.992749970126141
0.025,24,-4.65580958371986,-0.367720792124354,5.83529126472202e-06,0.000110759203672834,0.000104923912408112,0.99365332042043
0.025,25,-12.7230744901469,0.338260870211096,-2.25142574723728e-06,9.33883241546598e-05,9.56397499018971e-05,0.993441565931827
0.025,26,-24.3116510512366,-0.216030835966127,1.0270891450996e-05,0.000110966813756431,0.000100695922305435,0.993371916654873
0.025,27,29.7094106272753,-0.303196723778948,-5.91265814990356e-05,4.42079048874605e-05,0.000103334486386496,0.992860670545126
0.025,28,8.55041657156982,0.253518170570593,4.83646165678319e-05,0.000149204974292259,0.000100840357724427,0.993627726020829
0.025,29,21.1232465612208,-0.300722636918717,-3.10718670953576e-05,7.7906125892921e-05,0.000108977992988279,0.993197770948005
0.025,30,-8.31389337561612,0.208322419379021,-1.24164161821421e-05,8.53424912353136e-05,9.77589074174557e-05,0.993651838335297
0,1,-4.10893988063703,-0.437950057915789,1.2031436047374e-06,0.000102673054874109,0.000101469911269372,0.993695381633617
0,2,-26.9408963921622,-0.235891361545735,1.5697765653351e-05,0.000116564890822048,0.000100867125168697,0.993695381633617
0,3,23.2908882774107,0.123985552200384,3.31928002706699e-05,0.000136135559302898,0.000102942759032228,0.993695381633617
0,4,-27.3857988466488,0.37618940947681,-1.6621502469797e-06,9.88455924853423e-05,0.000100507742732322,0.993695381633617
0,5,16.7018205552814,-0.122189850010387,-1.69466209969347e-05,8.43223321198657e-05,0.0001012689531168,0.993695381633617
0,6,13.6825972709553,-0.102025070666272,-3.43988897863417e-05,6.73311279052256e-05,0.000101730017691567,0.993695381633617
0,7,-29.3595318525406,-0.215865366271033,-2.88213258953712e-06,9.27658053881158e-05,9.56479379776529e-05,0.993695381633617
0,8,27.6561773203387,-0.102347529959859,-7.33996236947149e-06,9.38348594420927e-05,0.000101174821811564,0.993695381633617
0,9,3.98770003070756,-0.484698079064969,5.30370316785783e-05,0.000153121051453559,0.000100084019774981,0.993695381633617
0,10,-8.19376350652481,0.226529465834898,-3.65014368673789e-06,0.000102079760127824,0.000105729903814562,0.993695381633617
0,11,-12.7968985757532,-0.199111461880365,4.23475068709388e-05,0.000143115180032821,0.000100767673161882,0.993695381633617
0,12,-9.27888772140767,0.470830846688624,7.14845310415911e-06,0.000107483467450313,0.000100335014346154,0.993695381633617
0,13,12.7585753653029,0.269001442261699,1.08486334523721e-06,0.000108793961243145,0.000107709097897908,0.993695381633617
0,14,15.4041755611662,-0.225116757834336,-4.16753062777508e-06,9.54516017594791e-05,9.96191323872542e-05,0.993695381633617
0,15,-19.1099191423279,0.333401825864016,3.58675577064068e-05,0.00013085907540785,9.49915177014433e-05,0.993695381633617
0,16,-29.5976292008073,-0.171142181416043,-1.31844019668097e-05,8.50792617937044e-05,9.82636637605141e-05,0.993695381633617
0,17,-27.0748640718781,0.0558281111452338,-1.34418169519616e-05,8.25692098182135e-05,9.60110267701751e-05,0.993695381633617
0,18,-29.0327471533893,0.0261220974575634,-3.44402425577996e-05,6.0868431935786e-05,9.53086744935856e-05,0.993695381633617
0,19,26.2050608651727,0.173713953129588,-7.87899018908574e-06,9.40464371106669e-05,0.000101925427299753,0.993695381633617
0,20,7.2703279931552,-0.373886247750256,-1.13830334206824e-06,0.000100426724111711,0.000101565027453779,0.993695381633617
0,21,-26.675807330441,-0.149985819290389,-4.31622183761925e-06,0.000102827093695913,0.000107143315533532,0.993695381633617
0,22,5.71766877798078,-0.27839270674328,2.51636902139565e-06,0.00010574043568586,0.000103224066664464,0.993695381633617
0,23,-20.1905636104503,0.43539031146606,1.98897308177755e-05,0.000118250820162566,9.83610893447905e-05,0.993695381633617
0,24,-4.65580958371986,-0.367720792124354,7.51820094670151e-06,0.000106814925818374,9.92967248716721e-05,0.993695381633617
0,25,-12.7230744901469,0.338260870211096,-8.09401468972387e-06,9.9937965194787e-05,0.000108031979884511,0.993695381633617
0,26,-24.3116510512366,-0.216030835966127,1.93846535158726e-05,0.00011697861166575,9.75939581498773e-05,0.993695381633617
0,27,29.7094106272753,-0.303196723778948,-2.47117193216251e-05,7.06628710506719e-05,9.5374590372297e-05,0.993695381633617
0,28,8.55041657156982,0.253518170570593,4.23220165373401e-05,0.000142886504760665,0.000100564488223325,0.993695381633617
0,29,21.1232465612208,-0.300722636918717,-2.12485189505276e-05,8.08574146964169e-05,0.000102105933646944,0.993695381633617
0,30,-8.31389337561612,0.208322419379021,-1.30671165838864e-05,8.48951536076827e-05,9.79622701915691e-05,0.993695381633617
